id,username
528817151,nasa
4512854723,madebygoogle
77045606426,jacks0nbrandle
61855509653,gasan_08_
51321097903,spaceagency.blog
60380962346,lockheedmartinspace
8694574531,dassaultaviation
1113016354,valleyfairmn
3152631628,boeing
46177644782,air_defenders
33614134,lockheedmartin
68717192546,myles_kelly_mtb
8354073607,warthunder
3954610859,arysiakavkaz
2927371303,sabinakhayrova_
40884917684,lawbymike
8882614915,lizzketch
54004594868,tsefiks
328350651,yan_lapotkov
31080901382,ynchq
69708010078,luv.yves
36018052629,googleplay
6237956628,pega_x
75154906632,lukev.film
8291270213,mntkaschools
70181897846,alexklukkentothemoon
2086180257,minecraft
55053210489,teampixel
59061563824,ivanswanke
47586458582,h_nterx2
14338962968,gaijinentertainment
341984477,techlandgames
184595688,rockstargames
44595705196,jude_alex_heinen
68701310675,lilly.davis1.0
43318236120,rianafilo
57249513069,jacksschuett
1582454148,kochetkovada82
53701834967,jude.heinen
39407242234,martagadd_
55155509953,h_asan_asgar
17090741425,mar__.ina
65934792561,muhametdnv
53113282235,luke_varland
65820497042,naz_if2009
60356256593,tahyrpalvanov
49460868782,annapoli_sss
58303812945,nazifjane
39632030906,kapunkin.g
